[
  {
    "_id": "5d963589f1f0bd09c9299b8f",
    "name": "Alderaan",
    "rotation_period": 24,
    "orbital_period": 364,
    "diameter": 12500,
    "climate": "temperate",
    "gravity": "1 standard",
    "terrain": "grasslands, mountains",
    "surface_water": "40",
    "population": 2000000000,
    "__v": 0
  },
  {
    "_id": "5d963589f1f0bd09c9299bb3",
    "name": "Aleen Minor",
    "rotation_period": null,
    "orbital_period": null,
    "diameter": null,
    "climate": null,
    "gravity": null,
    "terrain": null,
    "surface_water": null,
    "population": null,
    "__v": 0
  },
  {
    "_id": "5d963589f1f0bd09c9299b93",
    "name": "Bespin",
    "rotation_period": 12,
    "orbital_period": 5110,
    "diameter": 118000,
    "climate": "temperate",
    "gravity": "1.5 (surface), 1 standard (Cloud City)",
    "terrain": "gas giant",
    "surface_water": "0",
    "population": 6000000,
    "__v": 0
  },
  {
    "_id": "5d963589f1f0bd09c9299bb8",
    "name": "Cerea",
    "rotation_period": 27,
    "orbital_period": 386,
    "diameter": null,
    "climate": "temperate",
    "gravity": "1",
    "terrain": "verdant",
    "surface_water": "20",
    "population": 450000000,
    "__v": 0
  },
  {
    "_id": "5d963589f1f0bd09c9299bbf",
    "name": "Champala",
    "rotation_period": 27,
    "orbital_period": 318,
    "diameter": null,
    "climate": "temperate",
    "gravity": "1",
    "terrain": "oceans, rainforests, plateaus",
    "surface_water": null,
    "population": 3500000000,
    "__v": 0
  },
  {
    "_id": "5d963589f1f0bd09c9299ba7",
    "name": "Bestine IV",
    "rotation_period": 26,
    "orbital_period": 680,
    "diameter": 6400,
    "climate": "temperate",
    "gravity": null,
    "terrain": "rocky islands, oceans",
    "surface_water": "98",
    "population": 62000000,
    "__v": 0
  },
  {
    "_id": "5d963589f1f0bd09c9299b9f",
    "name": "Cato Neimoidia",
    "rotation_period": 25,
    "orbital_period": 278,
    "diameter": 0,
    "climate": "temperate, moist",
    "gravity": "1 standard",
    "terrain": "mountains, fields, forests, rock arches",
    "surface_water": null,
    "population": 10000000,
    "__v": 0
  },
  {
    "_id": "5d963589f1f0bd09c9299bad",
    "name": "Chandrila",
    "rotation_period": 20,
    "orbital_period": 368,
    "diameter": 13500,
    "climate": "temperate",
    "gravity": "1",
    "terrain": "plains, forests",
    "surface_water": "40",
    "population": 1200000000,
    "__v": 0
  },
  {
    "_id": "5d963589f1f0bd09c9299bc2",
    "name": "Concord Dawn",
    "rotation_period": null,
    "orbital_period": null,
    "diameter": null,
    "climate": null,
    "gravity": null,
    "terrain": "jungles, forests, deserts",
    "surface_water": null,
    "population": null,
    "__v": 0
  },
  {
    "_id": "5d963589f1f0bd09c9299ba3",
    "name": "Corellia",
    "rotation_period": 25,
    "orbital_period": 329,
    "diameter": 11000,
    "climate": "temperate",
    "gravity": "1 standard",
    "terrain": "plains, urban, hills, forests",
    "surface_water": "70",
    "population": 3000000000,
    "__v": 0
  },
  {
    "_id": "5d963589f1f0bd09c9299b96",
    "name": "Coruscant",
    "rotation_period": 24,
    "orbital_period": 368,
    "diameter": 12240,
    "climate": "temperate",
    "gravity": "1 standard",
    "terrain": "cityscape, mountains",
    "surface_water": null,
    "population": 1000000000000,
    "__v": 0
  },
  {
    "_id": "5d963589f1f0bd09c9299b92",
    "name": "Dagobah",
    "rotation_period": 23,
    "orbital_period": 341,
    "diameter": 8900,
    "climate": "murky",
    "gravity": "N/A",
    "terrain": "swamp, jungles",
    "surface_water": "8",
    "population": null,
    "__v": 0
  },
  {
    "_id": "5d963589f1f0bd09c9299ba6",
    "name": "Dantooine",
    "rotation_period": 25,
    "orbital_period": 378,
    "diameter": 9830,
    "climate": "temperate",
    "gravity": "1 standard",
    "terrain": "oceans, savannas, mountains, grasslands",
    "surface_water": null,
    "population": 1000,
    "__v": 0
  },
  {
    "_id": "5d963589f1f0bd09c9299bb1",
    "name": "Dathomir",
    "rotation_period": 24,
    "orbital_period": 491,
    "diameter": 10480,
    "climate": "temperate",
    "gravity": "0.9",
    "terrain": "forests, deserts, savannas",
    "surface_water": null,
    "population": 5200,
    "__v": 0
  },
  {
    "_id": "5d963589f1f0bd09c9299bbe",
    "name": "Dorin",
    "rotation_period": 22,
    "orbital_period": 409,
    "diameter": 13400,
    "climate": "temperate",
    "gravity": "1",
    "terrain": null,
    "surface_water": null,
    "population": null,
    "__v": 0
  },
  {
    "_id": "5d963589f1f0bd09c9299b94",
    "name": "Endor",
    "rotation_period": 18,
    "orbital_period": 402,
    "diameter": 4900,
    "climate": "temperate",
    "gravity": "0.85 standard",
    "terrain": "forests, mountains, lakes",
    "surface_water": "8",
    "population": 30000000,
    "__v": 0
  },
  {
    "_id": "5d963589f1f0bd09c9299ba2",
    "name": "Eriadu",
    "rotation_period": 24,
    "orbital_period": 360,
    "diameter": 13490,
    "climate": "polluted",
    "gravity": "1 standard",
    "terrain": "cityscape",
    "surface_water": null,
    "population": 22000000000,
    "__v": 0
  },
  {
    "_id": "5d963589f1f0bd09c9299b9e",
    "name": "Felucia",
    "rotation_period": 34,
    "orbital_period": 231,
    "diameter": 9100,
    "climate": "hot, humid",
    "gravity": "0.75 standard",
    "terrain": "fungus forests",
    "surface_water": null,
    "population": 8500000,
    "__v": 0
  },
  {
    "_id": "5d963589f1f0bd09c9299b98",
    "name": "Geonosis",
    "rotation_period": 30,
    "orbital_period": 256,
    "diameter": 11370,
    "climate": "temperate, arid",
    "gravity": "0.9 standard",
    "terrain": "rock, desert, mountain, barren",
    "surface_water": "5",
    "population": 100000000000,
    "__v": 0
  },
  {
    "_id": "5d963589f1f0bd09c9299bb9",
    "name": "Glee Anselm",
    "rotation_period": 33,
    "orbital_period": 206,
    "diameter": 15600,
    "climate": "tropical, temperate",
    "gravity": "1",
    "terrain": "lakes, islands, swamps, seas",
    "surface_water": "80",
    "population": 500000000,
    "__v": 0
  },
  {
    "_id": "5d963589f1f0bd09c9299bb7",
    "name": "Haruun Kal",
    "rotation_period": 25,
    "orbital_period": 383,
    "diameter": 10120,
    "climate": "temperate",
    "gravity": "0.98",
    "terrain": "toxic cloudsea, plateaus, volcanoes",
    "surface_water": null,
    "population": 705300,
    "__v": 0
  },
  {
    "_id": "5d963589f1f0bd09c9299b91",
    "name": "Hoth",
    "rotation_period": 23,
    "orbital_period": 549,
    "diameter": 7200,
    "climate": "frozen",
    "gravity": "1.1 standard",
    "terrain": "tundra, ice caves, mountain ranges",
    "surface_water": "100",
    "population": null,
    "__v": 0
  },
  {
    "_id": "5d963589f1f0bd09c9299bbc",
    "name": "Iktotch",
    "rotation_period": 22,
    "orbital_period": 481,
    "diameter": null,
    "climate": "arid, rocky, windy",
    "gravity": "1",
    "terrain": "rocky",
    "surface_water": null,
    "population": null,
    "__v": 0
  },
  {
    "_id": "5d963589f1f0bd09c9299bba",
    "name": "Iridonia",
    "rotation_period": 29,
    "orbital_period": 413,
    "diameter": null,
    "climate": null,
    "gravity": null,
    "terrain": "rocky canyons, acid pools",
    "surface_water": null,
    "population": null,
    "__v": 0
  },
  {
    "_id": "5d963589f1f0bd09c9299bcb",
    "name": "Jakku",
    "rotation_period": null,
    "orbital_period": null,
    "diameter": null,
    "climate": null,
    "gravity": null,
    "terrain": "deserts",
    "surface_water": null,
    "population": null,
    "__v": 0
  },
  {
    "_id": "5d963589f1f0bd09c9299bc8",
    "name": "Kalee",
    "rotation_period": 23,
    "orbital_period": 378,
    "diameter": 13850,
    "climate": "arid, temperate, tropical",
    "gravity": "1",
    "terrain": "rainforests, cliffs, canyons, seas",
    "surface_water": null,
    "population": 4000000000,
    "__v": 0
  },
  {
    "_id": "5d963589f1f0bd09c9299b97",
    "name": "Kamino",
    "rotation_period": 27,
    "orbital_period": 463,
    "diameter": 19720,
    "climate": "temperate",
    "gravity": "1 standard",
    "terrain": "ocean",
    "surface_water": "100",
    "population": 1000000000,
    "__v": 0
  },
  {
    "_id": "5d963589f1f0bd09c9299b9b",
    "name": "Kashyyyk",
    "rotation_period": 26,
    "orbital_period": 381,
    "diameter": 12765,
    "climate": "tropical",
    "gravity": "1 standard",
    "terrain": "jungle, forests, lakes, rivers",
    "surface_water": "60",
    "population": 45000000,
    "__v": 0
  },
  {
    "_id": "5d963589f1f0bd09c9299bb0",
    "name": "Malastare",
    "rotation_period": 26,
    "orbital_period": 201,
    "diameter": 18880,
    "climate": "arid, temperate, tropical",
    "gravity": "1.56",
    "terrain": "swamps, deserts, jungles, mountains",
    "surface_water": null,
    "population": 2000000000,
    "__v": 0
  },
  {
    "_id": "5d963589f1f0bd09c9299bc0",
    "name": "Mirial",
    "rotation_period": null,
    "orbital_period": null,
    "diameter": null,
    "climate": null,
    "gravity": null,
    "terrain": "deserts",
    "surface_water": null,
    "population": null,
    "__v": 0
  },
  {
    "_id": "5d963589f1f0bd09c9299bac",
    "name": "Mon Cala",
    "rotation_period": 21,
    "orbital_period": 398,
    "diameter": 11030,
    "climate": "temperate",
    "gravity": "1",
    "terrain": "oceans, reefs, islands",
    "surface_water": "100",
    "population": 27000000000,
    "__v": 0
  },
  {
    "_id": "5d963589f1f0bd09c9299b9a",
    "name": "Mustafar",
    "rotation_period": 36,
    "orbital_period": 412,
    "diameter": 4200,
    "climate": "hot",
    "gravity": "1 standard",
    "terrain": "volcanoes, lava rivers, mountains, caves",
    "surface_water": "0",
    "population": 20000,
    "__v": 0
  },
  {
    "_id": "5d963589f1f0bd09c9299bc6",
    "name": "Muunilinst",
    "rotation_period": 28,
    "orbital_period": 412,
    "diameter": 13800,
    "climate": "temperate",
    "gravity": "1",
    "terrain": "plains, forests, hills, mountains",
    "surface_water": "25",
    "population": 5000000000,
    "__v": 0
  },
  {
    "_id": "5d963589f1f0bd09c9299b9d",
    "name": "Mygeeto",
    "rotation_period": 12,
    "orbital_period": 167,
    "diameter": 10088,
    "climate": "frigid",
    "gravity": "1 standard",
    "terrain": "glaciers, mountains, ice canyons",
    "surface_water": null,
    "population": 19000000,
    "__v": 0
  },
  {
    "_id": "5d963589f1f0bd09c9299b95",
    "name": "Naboo",
    "rotation_period": 26,
    "orbital_period": 312,
    "diameter": 12120,
    "climate": "temperate",
    "gravity": "1 standard",
    "terrain": "grassy hills, swamps, forests, mountains",
    "surface_water": "12",
    "population": 4500000000,
    "__v": 0
  },
  {
    "_id": "5d963589f1f0bd09c9299ba5",
    "name": "Nal Hutta",
    "rotation_period": 87,
    "orbital_period": 413,
    "diameter": 12150,
    "climate": "temperate",
    "gravity": "1 standard",
    "terrain": "urban, oceans, swamps, bogs",
    "surface_water": null,
    "population": 7000000000,
    "__v": 0
  },
  {
    "_id": "5d963589f1f0bd09c9299bc4",
    "name": "Ojom",
    "rotation_period": null,
    "orbital_period": null,
    "diameter": null,
    "climate": "frigid",
    "gravity": null,
    "terrain": "oceans, glaciers",
    "surface_water": "100",
    "population": 500000000,
    "__v": 0
  },
  {
    "_id": "5d963589f1f0bd09c9299ba8",
    "name": "Ord Mantell",
    "rotation_period": 26,
    "orbital_period": 334,
    "diameter": 14050,
    "climate": "temperate",
    "gravity": "1 standard",
    "terrain": "plains, seas, mesas",
    "surface_water": "10",
    "population": 4000000000,
    "__v": 0
  },
  {
    "_id": "5d963589f1f0bd09c9299b9c",
    "name": "Polis Massa",
    "rotation_period": 24,
    "orbital_period": 590,
    "diameter": 0,
    "climate": "artificial temperate ",
    "gravity": "0.56 standard",
    "terrain": "airless asteroid",
    "surface_water": "0",
    "population": 1000000,
    "__v": 0
  },
  {
    "_id": "5d963589f1f0bd09c9299bbd",
    "name": "Quermia",
    "rotation_period": null,
    "orbital_period": null,
    "diameter": null,
    "climate": null,
    "gravity": null,
    "terrain": null,
    "surface_water": null,
    "population": null,
    "__v": 0
  },
  {
    "_id": "5d963589f1f0bd09c9299ba4",
    "name": "Rodia",
    "rotation_period": 29,
    "orbital_period": 305,
    "diameter": 7549,
    "climate": "hot",
    "gravity": "1 standard",
    "terrain": "jungles, oceans, urban, swamps",
    "surface_water": "60",
    "population": 1300000000,
    "__v": 0
  },
  {
    "_id": "5d963589f1f0bd09c9299bb2",
    "name": "Ryloth",
    "rotation_period": 30,
    "orbital_period": 305,
    "diameter": 10600,
    "climate": "temperate, arid, subartic",
    "gravity": "1",
    "terrain": "mountains, valleys, deserts, tundra",
    "surface_water": "5",
    "population": 1500000000,
    "__v": 0
  },
  {
    "_id": "5d963589f1f0bd09c9299ba0",
    "name": "Saleucami",
    "rotation_period": 26,
    "orbital_period": 392,
    "diameter": 14920,
    "climate": "hot",
    "gravity": null,
    "terrain": "caves, desert, mountains, volcanoes",
    "surface_water": null,
    "population": 1400000000,
    "__v": 0
  },
  {
    "_id": "5d963589f1f0bd09c9299bc1",
    "name": "Serenno",
    "rotation_period": null,
    "orbital_period": null,
    "diameter": null,
    "climate": null,
    "gravity": null,
    "terrain": "rainforests, rivers, mountains",
    "surface_water": null,
    "population": null,
    "__v": 0
  },
  {
    "_id": "5d963589f1f0bd09c9299bc7",
    "name": "Shili",
    "rotation_period": null,
    "orbital_period": null,
    "diameter": null,
    "climate": "temperate",
    "gravity": "1",
    "terrain": "cities, savannahs, seas, plains",
    "surface_water": null,
    "population": null,
    "__v": 0
  },
  {
    "_id": "5d963589f1f0bd09c9299bc5",
    "name": "Skako",
    "rotation_period": 27,
    "orbital_period": 384,
    "diameter": null,
    "climate": "temperate",
    "gravity": "1",
    "terrain": "urban, vines",
    "surface_water": null,
    "population": 500000000000,
    "__v": 0
  },
  {
    "_id": "5d963589f1f0bd09c9299bab",
    "name": "Socorro",
    "rotation_period": 20,
    "orbital_period": 326,
    "diameter": 0,
    "climate": "arid",
    "gravity": "1 standard",
    "terrain": "deserts, mountains",
    "surface_water": null,
    "population": 300000000,
    "__v": 0
  },
  {
    "_id": "5d963589f1f0bd09c9299ba1",
    "name": "Stewjon",
    "rotation_period": null,
    "orbital_period": null,
    "diameter": 0,
    "climate": "temperate",
    "gravity": "1 standard",
    "terrain": "grass",
    "surface_water": null,
    "population": null,
    "__v": 0
  },
  {
    "_id": "5d963589f1f0bd09c9299bae",
    "name": "Sullust",
    "rotation_period": 20,
    "orbital_period": 263,
    "diameter": 12780,
    "climate": "superheated",
    "gravity": "1",
    "terrain": "mountains, volcanoes, rocky deserts",
    "surface_water": "5",
    "population": 18500000000,
    "__v": 0
  },
  {
    "_id": "5d963589f1f0bd09c9299bca",
    "name": "Tatooine",
    "rotation_period": 23,
    "orbital_period": 304,
    "diameter": 10465,
    "climate": "arid",
    "gravity": "1 standard",
    "terrain": "desert",
    "surface_water": "1",
    "population": 200000,
    "__v": 0
  },
  {
    "_id": "5d963589f1f0bd09c9299bbb",
    "name": "Tholoth",
    "rotation_period": null,
    "orbital_period": null,
    "diameter": null,
    "climate": null,
    "gravity": null,
    "terrain": null,
    "surface_water": null,
    "population": null,
    "__v": 0
  },
  {
    "_id": "5d963589f1f0bd09c9299baf",
    "name": "Toydaria",
    "rotation_period": 21,
    "orbital_period": 184,
    "diameter": 7900,
    "climate": "temperate",
    "gravity": "1",
    "terrain": "swamps, lakes",
    "surface_water": null,
    "population": 11000000,
    "__v": 0
  },
  {
    "_id": "5d963589f1f0bd09c9299baa",
    "name": "Trandosha",
    "rotation_period": 25,
    "orbital_period": 371,
    "diameter": 0,
    "climate": "arid",
    "gravity": "0.62 standard",
    "terrain": "mountains, seas, grasslands, deserts",
    "surface_water": null,
    "population": 42000000,
    "__v": 0
  },
  {
    "_id": "5d963589f1f0bd09c9299bb5",
    "name": "Troiken",
    "rotation_period": null,
    "orbital_period": null,
    "diameter": null,
    "climate": null,
    "gravity": null,
    "terrain": "desert, tundra, rainforests, mountains",
    "surface_water": null,
    "population": null,
    "__v": 0
  },
  {
    "_id": "5d963589f1f0bd09c9299bb6",
    "name": "Tund",
    "rotation_period": 48,
    "orbital_period": 1770,
    "diameter": 12190,
    "climate": null,
    "gravity": null,
    "terrain": "barren, ash",
    "surface_water": null,
    "population": 0,
    "__v": 0
  },
  {
    "_id": "5d963589f1f0bd09c9299bc9",
    "name": "Umbara",
    "rotation_period": null,
    "orbital_period": null,
    "diameter": null,
    "climate": null,
    "gravity": null,
    "terrain": null,
    "surface_water": null,
    "population": null,
    "__v": 0
  },
  {
    "_id": "5d963589f1f0bd09c9299b99",
    "name": "Utapau",
    "rotation_period": 27,
    "orbital_period": 351,
    "diameter": 12900,
    "climate": "temperate, arid, windy",
    "gravity": "1 standard",
    "terrain": "scrublands, savanna, canyons, sinkholes",
    "surface_water": "0.9",
    "population": 95000000,
    "__v": 0
  },
  {
    "_id": "5d963589f1f0bd09c9299bb4",
    "name": "Vulpter",
    "rotation_period": 22,
    "orbital_period": 391,
    "diameter": 14900,
    "climate": "temperate, artic",
    "gravity": "1",
    "terrain": "urban, barren",
    "surface_water": null,
    "population": 421000000,
    "__v": 0
  },
  {
    "_id": "5d963589f1f0bd09c9299b90",
    "name": "Yavin IV",
    "rotation_period": 24,
    "orbital_period": 4818,
    "diameter": 10200,
    "climate": "temperate, tropical",
    "gravity": "1 standard",
    "terrain": "jungle, rainforests",
    "surface_water": "8",
    "population": 1000,
    "__v": 0
  },
  {
    "_id": "5d963589f1f0bd09c9299bc3",
    "name": "Zolan",
    "rotation_period": null,
    "orbital_period": null,
    "diameter": null,
    "climate": null,
    "gravity": null,
    "terrain": null,
    "surface_water": null,
    "population": null,
    "__v": 0
  }
]