[
  {
    "_id": "5d963c76273db10a425ce9b1",
    "name": "Aleena",
    "classification": "reptile",
    "average_height": "80",
    "average_lifespan": "79",
    "hair_colors": "none",
    "skin_colors": "blue, gray",
    "language": "Aleena",
    "homeworld": "Aleen Minor",
    "homeworld_id": "5d963589f1f0bd09c9299bb3",
    "__v": 0
  },
  {
    "_id": "5d963c76273db10a425ce9c0",
    "name": "Besalisk",
    "classification": "amphibian",
    "average_height": "178",
    "average_lifespan": "75",
    "hair_colors": "none",
    "skin_colors": "brown",
    "language": "besalisk",
    "homeworld": "Ojom",
    "homeworld_id": "5d963589f1f0bd09c9299bc4",
    "__v": 0
  },
  {
    "_id": "5d963c76273db10a425ce9b5",
    "name": "Cerean",
    "classification": "mammal",
    "average_height": "200",
    "average_lifespan": "unknown",
    "hair_colors": "red, blond, black, white",
    "skin_colors": "pale pink",
    "language": "Cerean",
    "homeworld": "Cerea",
    "homeworld_id": "5d963589f1f0bd09c9299bb8",
    "__v": 0
  },
  {
    "_id": "5d963c76273db10a425ce9bc",
    "name": "Chagrian",
    "classification": "amphibian",
    "average_height": "190",
    "average_lifespan": "unknown",
    "hair_colors": "none",
    "skin_colors": "blue",
    "language": "Chagria",
    "homeworld": "Champala",
    "homeworld_id": "5d963589f1f0bd09c9299bbf",
    "__v": 0
  },
  {
    "_id": "5d963c76273db10a425ce9bf",
    "name": "Clawdite",
    "classification": "reptilian",
    "average_height": "180",
    "average_lifespan": "70",
    "hair_colors": "none",
    "skin_colors": "green, yellow",
    "language": "Clawdite",
    "homeworld": "Zolan",
    "homeworld_id": "5d963589f1f0bd09c9299bc3",
    "__v": 0
  },
  {
    "_id": "5d964ca3e4e09d0af15b24b7",
    "name": "Droid",
    "classification": "artificial",
    "average_height": "n/a",
    "average_lifespan": "indefinite",
    "hair_colors": "n/a",
    "skin_colors": "n/a",
    "eye_colors": "n/a",
    "language": "n/a",
    "__v": 0
  },
  {
    "_id": "5d963c76273db10a425ce9af",
    "name": "Dug",
    "classification": "mammal",
    "average_height": "100",
    "average_lifespan": "unknown",
    "hair_colors": "none",
    "skin_colors": "brown, purple, grey, red",
    "language": "Dugese",
    "homeworld": "Malastare",
    "homeworld_id": "5d963589f1f0bd09c9299bb0",
    "__v": 0
  },
  {
    "_id": "5d963c76273db10a425ce9aa",
    "name": "Ewok",
    "classification": "mammal",
    "average_height": "100",
    "average_lifespan": "unknown",
    "hair_colors": "white, brown, black",
    "skin_colors": "brown",
    "language": "Ewokese",
    "homeworld": "Endor",
    "homeworld_id": "5d963589f1f0bd09c9299b94",
    "__v": 0
  },
  {
    "_id": "5d963c76273db10a425ce9bd",
    "name": "Geonosian",
    "classification": "insectoid",
    "average_height": "178",
    "average_lifespan": "unknown",
    "hair_colors": "none",
    "skin_colors": "green, brown",
    "language": "Geonosian",
    "homeworld": "Geonosis",
    "homeworld_id": "5d963589f1f0bd09c9299b98",
    "__v": 0
  },
  {
    "_id": "5d963c76273db10a425ce9ad",
    "name": "Gungan",
    "classification": "amphibian",
    "average_height": "190",
    "average_lifespan": "unknown",
    "hair_colors": "none",
    "skin_colors": "brown, green",
    "language": "Gungan basic",
    "homeworld": "Naboo",
    "homeworld_id": "5d963589f1f0bd09c9299b95",
    "__v": 0
  },
  {
    "_id": "5d963c76273db10a425ce9c8",
    "name": "Human",
    "classification": "mammal",
    "average_height": "180",
    "average_lifespan": "120",
    "hair_colors": "blonde, brown, black, red",
    "skin_colors": "caucasian, black, asian, hispanic",
    "language": "Galactic Basic",
    "homeworld": "Coruscant",
    "homeworld_id": "5d963589f1f0bd09c9299b96",
    "__v": 0
  },
  {
    "_id": "5d963c76273db10a425ce9a6",
    "name": "Hutt",
    "classification": "gastropod",
    "average_height": "300",
    "average_lifespan": "1000",
    "hair_colors": "n/a",
    "skin_colors": "green, brown, tan",
    "language": "Huttese",
    "homeworld": "Nal Hutta",
    "homeworld_id": "5d963589f1f0bd09c9299ba5",
    "__v": 0
  },
  {
    "_id": "5d963c76273db10a425ce9b9",
    "name": "Iktotchi",
    "classification": "unknown",
    "average_height": "180",
    "average_lifespan": "unknown",
    "hair_colors": "none",
    "skin_colors": "pink",
    "language": "Iktotchese",
    "homeworld": "Iktotch",
    "homeworld_id": "5d963589f1f0bd09c9299bbc",
    "__v": 0
  },
  {
    "_id": "5d963c76273db10a425ce9c5",
    "name": "Kaleesh",
    "classification": "reptile",
    "average_height": "170",
    "average_lifespan": "80",
    "hair_colors": "none",
    "skin_colors": "brown, orange, tan",
    "language": "Kaleesh",
    "homeworld": "Kalee",
    "homeworld_id": "5d963589f1f0bd09c9299bc8",
    "__v": 0
  },
  {
    "_id": "5d963c76273db10a425ce9c1",
    "name": "Kaminoan",
    "classification": "amphibian",
    "average_height": "220",
    "average_lifespan": "80",
    "hair_colors": "none",
    "skin_colors": "grey, blue",
    "language": "Kaminoan",
    "homeworld": "Kamino",
    "homeworld_id": "5d963589f1f0bd09c9299b97",
    "__v": 0
  },
  {
    "_id": "5d963c76273db10a425ce9bb",
    "name": "Kel Dor",
    "classification": "unknown",
    "average_height": "180",
    "average_lifespan": "70",
    "hair_colors": "none",
    "skin_colors": "peach, orange, red",
    "language": "Kel Dor",
    "homeworld": "Dorin",
    "homeworld_id": "5d963589f1f0bd09c9299bbe",
    "__v": 0
  },
  {
    "_id": "5d963c76273db10a425ce9be",
    "name": "Mirialan",
    "classification": "mammal",
    "average_height": "180",
    "average_lifespan": "unknown",
    "hair_colors": "black, brown",
    "skin_colors": "yellow, green",
    "language": "Mirialan",
    "homeworld": "Mirial",
    "homeworld_id": "5d963589f1f0bd09c9299bc0",
    "__v": 0
  },
  {
    "_id": "5d963c76273db10a425ce9a9",
    "name": "Mon Calamari",
    "classification": "amphibian",
    "average_height": "160",
    "average_lifespan": "unknown",
    "hair_colors": "none",
    "skin_colors": "red, blue, brown, magenta",
    "language": "Mon Calamarian",
    "homeworld": "Mon Cala",
    "homeworld_id": "5d963589f1f0bd09c9299bac",
    "__v": 0
  },
  {
    "_id": "5d963c76273db10a425ce9c3",
    "name": "Muun",
    "classification": "mammal",
    "average_height": "190",
    "average_lifespan": "100",
    "hair_colors": "none",
    "skin_colors": "grey, white",
    "language": "Muun",
    "homeworld": "Muunilinst",
    "homeworld_id": "5d963589f1f0bd09c9299bc6",
    "__v": 0
  },
  {
    "_id": "5d963c76273db10a425ce9b6",
    "name": "Nautolan",
    "classification": "amphibian",
    "average_height": "180",
    "average_lifespan": "70",
    "hair_colors": "none",
    "skin_colors": "green, blue, brown, red",
    "language": "Nautila",
    "homeworld": "Glee Anselm",
    "homeworld_id": "5d963589f1f0bd09c9299bb9",
    "__v": 0
  },
  {
    "_id": "5d963c76273db10a425ce9ac",
    "name": "Neimodian",
    "classification": "unknown",
    "average_height": "180",
    "average_lifespan": "unknown",
    "hair_colors": "none",
    "skin_colors": "grey, green",
    "language": "Neimoidia",
    "homeworld": "Cato Neimoidia",
    "homeworld_id": "5d963589f1f0bd09c9299b9f",
    "__v": 0
  },
  {
    "_id": "5d963c76273db10a425ce9c6",
    "name": "Pau'an",
    "classification": "mammal",
    "average_height": "190",
    "average_lifespan": "700",
    "hair_colors": "none",
    "skin_colors": "grey",
    "language": "Utapese",
    "homeworld": "Utapau",
    "homeworld_id": "5d963589f1f0bd09c9299b99",
    "__v": 0
  },
  {
    "_id": "5d963c76273db10a425ce9ba",
    "name": "Quermian",
    "classification": "mammal",
    "average_height": "240",
    "average_lifespan": "86",
    "hair_colors": "none",
    "skin_colors": "white",
    "language": "Quermian",
    "homeworld": "Quermia",
    "homeworld_id": "5d963589f1f0bd09c9299bbd",
    "__v": 0
  },
  {
    "_id": "5d963c76273db10a425ce9c9",
    "name": "Rodian",
    "classification": "sentient",
    "average_height": "170",
    "average_lifespan": "unknown",
    "hair_colors": "n/a",
    "skin_colors": "green, blue",
    "language": "Galactic Basic",
    "homeworld": "Rodia",
    "homeworld_id": "5d963589f1f0bd09c9299ba4",
    "__v": 0
  },
  {
    "_id": "5d963c76273db10a425ce9c2",
    "name": "Skakoan",
    "classification": "mammal",
    "average_height": "unknown",
    "average_lifespan": "unknown",
    "hair_colors": "none",
    "skin_colors": "grey, green",
    "language": "Skakoan",
    "homeworld": "Skako",
    "homeworld_id": "5d963589f1f0bd09c9299bc5",
    "__v": 0
  },
  {
    "_id": "5d963c76273db10a425ce9ab",
    "name": "Sullustan",
    "classification": "mammal",
    "average_height": "180",
    "average_lifespan": "unknown",
    "hair_colors": "none",
    "skin_colors": "pale",
    "language": "Sullutese",
    "homeworld": "Sullust",
    "homeworld_id": "5d963589f1f0bd09c9299bae",
    "__v": 0
  },
  {
    "_id": "5d963c76273db10a425ce9b8",
    "name": "Tholothian",
    "classification": "mammal",
    "average_height": "unknown",
    "average_lifespan": "unknown",
    "hair_colors": "unknown",
    "skin_colors": "dark",
    "language": "unknown",
    "homeworld": "Tholoth",
    "homeworld_id": "5d963589f1f0bd09c9299bbb",
    "__v": 0
  },
  {
    "_id": "5d963c76273db10a425ce9c4",
    "name": "Togruta",
    "classification": "mammal",
    "average_height": "180",
    "average_lifespan": "94",
    "hair_colors": "none",
    "skin_colors": "red, white, orange, yellow, green, blue",
    "language": "Togruti",
    "homeworld": "Shili",
    "homeworld_id": "5d963589f1f0bd09c9299bc7",
    "__v": 0
  },
  {
    "_id": "5d963c76273db10a425ce9b4",
    "name": "Toong",
    "classification": "unknown",
    "average_height": "200",
    "average_lifespan": "unknown",
    "hair_colors": "none",
    "skin_colors": "grey, green, yellow",
    "language": "Tundan",
    "homeworld": "Tund",
    "homeworld_id": "5d963589f1f0bd09c9299bb6",
    "__v": 0
  },
  {
    "_id": "5d963c76273db10a425ce9ae",
    "name": "Toydarian",
    "classification": "mammal",
    "average_height": "120",
    "average_lifespan": "91",
    "hair_colors": "none",
    "skin_colors": "blue, green, grey",
    "language": "Toydarian",
    "homeworld": "Toydaria",
    "homeworld_id": "5d963589f1f0bd09c9299baf",
    "__v": 0
  },
  {
    "_id": "5d963c76273db10a425ce9a8",
    "name": "Trandoshan",
    "classification": "reptile",
    "average_height": "200",
    "average_lifespan": "unknown",
    "hair_colors": "none",
    "skin_colors": "brown, green",
    "language": "Dosh",
    "homeworld": "Trandosha",
    "homeworld_id": "5d963589f1f0bd09c9299baa",
    "__v": 0
  },
  {
    "_id": "5d963c76273db10a425ce9b0",
    "name": "Twi'lek",
    "classification": "mammals",
    "average_height": "200",
    "average_lifespan": "unknown",
    "hair_colors": "none",
    "skin_colors": "orange, yellow, blue, green, pink, purple, tan",
    "language": "Twi'leki",
    "homeworld": "Ryloth",
    "homeworld_id": "5d963589f1f0bd09c9299bb2",
    "__v": 0
  },
  {
    "_id": "5d963c76273db10a425ce9b2",
    "name": "Vulptereen",
    "classification": "unknown",
    "average_height": "100",
    "average_lifespan": "unknown",
    "hair_colors": "none",
    "skin_colors": "grey",
    "language": "vulpterish",
    "homeworld": "Vulpter",
    "homeworld_id": "5d963589f1f0bd09c9299bb4",
    "__v": 0
  },
  {
    "_id": "5d963c76273db10a425ce9c7",
    "name": "Wookiee",
    "classification": "mammal",
    "average_height": "210",
    "average_lifespan": "400",
    "hair_colors": "black, brown",
    "skin_colors": "gray",
    "language": "Shyriiwook",
    "homeworld": "Kashyyyk",
    "homeworld_id": "5d963589f1f0bd09c9299b9b",
    "__v": 0
  },
  {
    "_id": "5d963c76273db10a425ce9b3",
    "name": "Xexto",
    "classification": "unknown",
    "average_height": "125",
    "average_lifespan": "unknown",
    "hair_colors": "none",
    "skin_colors": "grey, yellow, purple",
    "language": "Xextese",
    "homeworld": "Troiken",
    "homeworld_id": "5d963589f1f0bd09c9299bb5",
    "__v": 0
  },
  {
    "_id": "5d963c76273db10a425ce9a7",
    "name": "Yoda's species",
    "classification": "mammal",
    "average_height": "66",
    "average_lifespan": "900",
    "hair_colors": "brown, white",
    "skin_colors": "green, yellow",
    "language": "Galactic basic",
    "homeworld": null,
    "homeworld_id": "5d963589f1f0bd09c9299ba9",
    "__v": 0
  },
  {
    "_id": "5d963c76273db10a425ce9b7",
    "name": "Zabrak",
    "classification": "mammal",
    "average_height": "180",
    "average_lifespan": "unknown",
    "hair_colors": "black",
    "skin_colors": "pale, brown, red, orange, yellow",
    "language": "Zabraki",
    "homeworld": "Iridonia",
    "homeworld_id": "5d963589f1f0bd09c9299bba",
    "__v": 0
  }
]